"EmployeeID";"OfficeID";"First_Name";"Last_Name";"Email";"ManagerID";"Hire_Date";"Department";"AddressID";"Salary"
"00000e0e-a328-40b5-acd7-ed85d14a5e93";"cdc25830-2d86-4b0f-9032-9d14b12eb13f";"Lazar";"Scragg";"lscragg5@newyorker.com";"09d8bb95-97a2-4d69-be58-a5dccbac7dcf";"2024-09-02 09:45:40";"HR";"63f65bb7-0608-4174-abaa-23ab619511dd";"77098.21"
"005a3810-f371-42af-8d24-4275d928cbfd";"cdc25830-2d86-4b0f-9032-9d14b12eb13f";"Griselda";"Grigoire";"ggrigoire4n@cloudflare.com";"005a3810-f371-42af-8d24-4275d928cbfd";"2024-09-13 13:04:20";"Finance";"005a3810-f371-42af-8d24-4275d928cbfd";"35365.28"
"015a3810-f371-42af-8d24-4275d937cbzp";"cdc25830-2d86-4b0f-9032-9d14b12eb13f";"Griselda";"Grigoire";"ggrigoire4n@cloudflare.com";"c8be0545-f49f-4d13-8167-c313bb0a9bd6";"2024-01-01 13:04:20";"Finance";"005a3810-f371-42af-8d24-4275d928cbfd";"105365.28"
"01e4796c-5209-4ba6-b5a3-47d8b659c6ef";"cdc25830-2d86-4b0f-9032-9d14b12eb13f";"Izzy";"Kibbe";"ikibbe6o@bandcamp.com";"4ba288a9-3e46-4803-94c8-f6ddcc122bf5";"2024-04-15 05:46:53";"Sales";"8c23c2bc-5003-4ace-a452-440b6144635b";"146460.65"
"01e87fb1-e75a-46fc-99d2-1b861609adad";"cdc25830-2d86-4b0f-9032-9d14b12eb13f";"Marget";"Stolberger";"mstolberger83@plala.or.jp";"09d8bb95-97a2-4d69-be58-a5dccbac7dcf";"2024-09-30 23:24:35";"HR";"93cd5807-0158-48d9-a783-7acb2174ea88";"91313.33"
"020293b9-8fb4-434c-91a1-e4d7d6cb11fd";"cdc25830-2d86-4b0f-9032-9d14b12eb13f";"Helge";"Hinners";"hhinners13@vkontakte.ru";"4ba288a9-3e46-4803-94c8-f6ddcc122bf6";"2024-10-11 21:00:35";"Sales";"9d331121-5906-43e8-8526-f71b60dd91e6";"129717.55"
"0406a66d-1911-4938-9046-ba63cb1d5fd4";"cdc25830-2d86-4b0f-9032-9d14b12eb13f";"Mar";"Rutty";"mrutty3p@sbwire.com";"09d8bb95-97a2-4d69-be58-a5dccbac7dcf";"2024-05-29 10:04:26";"HR";"0ce7274f-a58b-42ed-b585-bb75923e6aaa";"95872.31"
"04a296a0-e65b-48aa-94b1-d50879192b12";"cdc25830-2d86-4b0f-9032-9d14b12eb13f";"Beilul";"Derrell";"bderrellz@twitter.com";"09d8bb95-97a2-4d69-be58-a5dccbac7dcf";"2024-03-18 13:03:12";"HR";"f8be93c6-241c-416a-98e2-d62ea6dc30fa";"112942.02"
"04c69d67-52e2-47d4-8d84-17edcd82e47a";"cdc25830-2d86-4b0f-9032-9d14b12eb13f";"Tybalt";"Duddy";"tduddy1m@washingtonpost.com";"21b3daa8-899c-4120-adb5-a9da59e27215";"2024-03-15 12:09:03";"Marketing";"72779227-7141-4594-9321-24bdbfe0f165";"75537.6"
"04f97f6f-6c7d-4eac-adf5-d6704ba9d94d";"cdc25830-2d86-4b0f-9032-9d14b12eb13f";"Valina";"Thomerson";"vthomerson6s@dell.com";"005a3810-f371-42af-8d24-4275d928cbfd";"2024-09-13 13:04:20";"Finance";"dc4a0381-926d-4197-8a30-869e088e6c0e";"60365.28"
"0513b7b4-d8d2-45c1-b92a-b4f10ad85a75";"cdc25830-2d86-4b0f-9032-9d14b12eb13f";"Richart";"Gadie";"rgadie7@sphinn.com";"4ba288a9-3e46-4803-94c8-f6ddcc122bf7";"2024-10-19 09:02:37";"Sales";"68d26e44-3b0c-4d88-87f7-955c6d3a2942";"133568.16"
"06326539-51d6-47ff-84e1-db6c00dfc386";"cdc25830-2d86-4b0f-9032-9d14b12eb13f";"Fara";"Redholls";"fredholls60@usa.gov";"21b3daa8-899c-4120-adb5-a9da59e27216";"2024-10-14 17:23:17";"Marketing";"95d9f59b-6c01-4b95-a198-848dd9974c52";"44529.09"
"0635a472-389c-43a8-af90-b3c44db8d9dc";"cdc25830-2d86-4b0f-9032-9d14b12eb13f";"Alfie";"Cullimore";"acullimore1z@discuz.net";"09d8bb95-97a2-4d69-be58-a5dccbac7dcf";"2024-11-20 09:17:50";"HR";"5971c19b-3edc-4ff6-9264-a91de83b7b04";"106305.19"
"0703e55d-756c-45e7-ac0f-f22f37973d1c";"cdc25830-2d86-4b0f-9032-9d14b12eb13f";"Mario";"Bryer";"mbryer4v@usa.gov";"4ba288a9-3e46-4803-94c8-f6ddcc122bf8";"2024-08-01 17:48:27";"Sales";"56c09335-ad9c-4d1c-8c04-0b477e6d7dc2";"126511.05"
"0755bdfa-8b03-40c4-ba91-ee96cfd5accc";"cdc25830-2d86-4b0f-9032-9d14b12eb13f";"Elita";"Stiger";"estiger5s@blogs.com";"21b3daa8-899c-4120-adb5-a9da59e27217";"2024-11-12 16:16:40";"Marketing";"29a64c27-1f3d-403c-9df4-26e6e5b5f5cb";"111676.27"
"09d8bb95-97a2-4d69-be58-a5dccbac7dcf";"cdc25830-2d86-4b0f-9032-9d14b12eb13f";"Darcie";"De la croix";"ddelacroix7q@taobao.com";"09d8bb95-97a2-4d69-be58-a5dccbac7dcf";"2024-04-19 14:12:46";"HR";"58f878c6-52be-474d-b897-d622b5a1f99c";"142141.75"
"0a6cadc8-973a-4233-9550-82ff0dd5df7e";"cdc25830-2d86-4b0f-9032-9d14b12eb13f";"Wakefield";"Ambrogio";"wambrogio7r@creativecommons.org";"005a3810-f371-42af-8d24-4275d928cbfd";"2024-11-11 01:01:01";"Finance";"0339dc55-d85c-4540-816f-b54c11c749fe";"67652.35"
"0c52f398-b52e-469e-ac6a-1985ca367ab5";"cdc25830-2d86-4b0f-9032-9d14b12eb13f";"Nicolais";"Vittori";"nvittoria@oracle.com";"4ba288a9-3e46-4803-94c8-f6ddcc122bf9";"2024-08-18 12:52:08";"Sales";"cf3b3180-f143-414a-9ab6-d8fc6ddb14eb";"57510.28"
"0d48b00d-2524-4309-8afe-f9bde6dd1612";"cdc25830-2d86-4b0f-9032-9d14b12eb13f";"Sharline";"Cockrell";"scockrellt@clickbank.net";"21b3daa8-899c-4120-adb5-a9da59e27218";"2024-05-26 20:16:42";"Marketing";"86a3fe57-bd70-4add-83fe-9a4615a1f68b";"90388.58"
"0e987088-7051-4c16-ae43-82c76e4356e0";"cdc25830-2d86-4b0f-9032-9d14b12eb13f";"Lorena";"Tym";"ltymf@wikia.com";"21b3daa8-899c-4120-adb5-a9da59e27219";"2024-03-02 13:37:50";"Marketing";"d9cfc50b-1f5b-42a1-9796-6d3a897da00c";"98408.26"
"0fe7b5e9-5166-448f-8714-b36998198a65";"cdc25830-2d86-4b0f-9032-9d14b12eb13f";"Aldwin";"Aberdein";"aaberdein2k@nih.gov";"21b3daa8-899c-4120-adb5-a9da59e27220";"2024-06-22 07:51:38";"Marketing";"6215de96-b57f-42cf-b763-ca613082f5fb";"97330.87"
"1182b7fe-78c5-475f-a911-1a9e11d57b6a";"cdc25830-2d86-4b0f-9032-9d14b12eb13f";"Parke";"Raoult";"praoult4k@list-manage.com";"09d8bb95-97a2-4d69-be58-a5dccbac7dcf";"2024-08-19 09:32:41";"HR";"61618ed4-d796-4995-8bf9-d6680d901cf0";"99291.1"
"12d0985a-71c6-40d8-86d4-f5748c8218b2";"cdc25830-2d86-4b0f-9032-9d14b12eb13f";"Lonny";"Wooller";"lwooller1i@netscape.com";"005a3810-f371-42af-8d24-4275d928cbfd";"2024-12-10 20:25:40";"Finance";"6d61a8ea-2b39-4a9d-82e6-544a7d068c7e";"127753.16"
"15d83878-2a0d-4554-bebd-2693f21c193c";"cdc25830-2d86-4b0f-9032-9d14b12eb13f";"Karina";"Jewar";"kjewar35@omniture.com";"09d8bb95-97a2-4d69-be58-a5dccbac7dcf";"2024-01-27 22:52:13";"HR";"22445c51-1f3f-4d81-808d-4adde914ecf8";"109348.38"
"1960dc98-4c00-4650-b89a-74f944a95f41";"cdc25830-2d86-4b0f-9032-9d14b12eb13f";"Callie";"Harden";"charden40@github.com";"21b3daa8-899c-4120-adb5-a9da59e27221";"2024-04-27 22:27:28";"Marketing";"f8066cb8-0cf4-4082-8f9d-a9a2b0173acc";"87733.53"
"1a983144-abae-4582-8b53-6ce23ce204a2";"cdc25830-2d86-4b0f-9032-9d14b12eb13f";"Yevette";"D'Elia";"ydelia44@walmart.com";"21b3daa8-899c-4120-adb5-a9da59e27222";"2024-01-23 23:59:30";"Marketing";"f140ae0c-d18d-40f4-82ec-d76e89c5bf48";"91273.47"
"1bcd4ca6-a2ba-4ffe-a051-8e320214e4e9";"cdc25830-2d86-4b0f-9032-9d14b12eb13f";"Kelwin";"Blaymires";"kblaymires5n@mediafire.com";"09d8bb95-97a2-4d69-be58-a5dccbac7dcf";"2024-08-06 05:46:41";"HR";"3ff7362c-ba26-4e96-bff4-bf88f2a8f47c";"136302.81"
"1e5b8760-1cb8-40b4-a9d6-3d0425c050cf";"cdc25830-2d86-4b0f-9032-9d14b12eb13f";"Dyanna";"Trematick";"dtrematick64@stanford.edu";"30629676-56c4-4acc-aae0-962b49fbbd46";"2024-10-15 23:52:39";"IT";"90b38aaf-368b-479c-8d73-cbbc2a769543";"135297.25"
"1f8d98f6-6fe0-4052-abc0-0dda03ff4c0b";"cdc25830-2d86-4b0f-9032-9d14b12eb13f";"Eliot";"Matskevich";"ematskevich34@ow.ly";"09d8bb95-97a2-4d69-be58-a5dccbac7dcf";"2024-12-11 00:46:23";"HR";"56d79190-c9bf-4c03-9ce0-d71e0994784a";"47352.86"
"20307601-9b6a-4818-b66f-e0e0b91a028e";"cdc25830-2d86-4b0f-9032-9d14b12eb13f";"Vaclav";"Poluzzi";"vpoluzzi52@webmd.com";"09d8bb95-97a2-4d69-be58-a5dccbac7dcf";"2024-02-29 22:16:53";"HR";"8b681512-a3ba-46df-bfbc-5f9a02db8f9f";"46102.66"
"21b3daa8-899c-4120-adb5-a9da59e27215";"cdc25830-2d86-4b0f-9032-9d14b12eb13f";"Tommie";"Fernandez";"tfernandez1@i2i.jp";"21b3daa8-899c-4120-adb5-a9da59e27223";"2024-12-21 18:16:53";"Marketing";"194a5623-adf3-458e-be4f-aa7b9e959d1b";"110182.76"
"21cc27aa-1cc3-48a5-b9fa-abc032ca68bf";"cdc25830-2d86-4b0f-9032-9d14b12eb13f";"Ellery";"Quogan";"equogan6i@umn.edu";"30629676-56c4-4acc-aae0-962b49fbbd47";"2024-11-08 13:42:50";"IT";"d4e32561-cf41-4e2d-b53b-62407e50e236";"115913.66"
"22f28680-8187-421d-9a30-5663d38b9203";"cdc25830-2d86-4b0f-9032-9d14b12eb13f";"Gilbertine";"O'Driscole";"godriscole74@oracle.com";"005a3810-f371-42af-8d24-4275d928cbfd";"2024-01-16 04:21:29";"Finance";"66b3df4f-b82d-4fc8-bef6-61e16747e5a4";"67652.35"
"235f8db3-06ec-4054-a9e8-6df452017357";"cdc25830-2d86-4b0f-9032-9d14b12eb13f";"Pancho";"Blockley";"pblockley4m@ebay.com";"005a3810-f371-42af-8d24-4275d928cbfd";"2024-03-03 20:45:06";"Finance";"daa3896e-dc50-41cf-b567-ad3ce4018092";"106828.85"
"238bc886-4a75-455c-a087-1fa512592110";"cdc25830-2d86-4b0f-9032-9d14b12eb13f";"Carole";"Polsin";"cpolsin55@instagram.com";"21b3daa8-899c-4120-adb5-a9da59e27224";"2024-06-11 14:07:08";"Marketing";"1cc980e1-a37a-4665-b624-26e5ac859f82";"121253.4"
"23bc3e04-dd32-41d0-b6d1-221642611e9a";"cdc25830-2d86-4b0f-9032-9d14b12eb13f";"Raviv";"Frisel";"rfriseli@msn.com";"09d8bb95-97a2-4d69-be58-a5dccbac7dcf";"2024-01-22 20:49:39";"HR";"e43ca03a-cb77-49d2-b7d4-3edecbb36e95";"55885.65"
"2488a2dc-0ea1-4d73-baf3-4bf2f58d9151";"cdc25830-2d86-4b0f-9032-9d14b12eb13f";"Jackie";"Speariett";"jspeariett2s@de.vu";"09d8bb95-97a2-4d69-be58-a5dccbac7dcf";"2024-12-04 21:39:37";"HR";"303052e9-30fa-43da-a47c-c1fce35f8265";"132557.93"
"24aeea15-8f25-4a44-94cd-08331d90ef1a";"cdc25830-2d86-4b0f-9032-9d14b12eb13f";"Coralie";"Wilmut";"cwilmut4s@amazon.co.jp";"09d8bb95-97a2-4d69-be58-a5dccbac7dcf";"2024-03-11 12:18:48";"HR";"b3bd6817-a31a-4f64-949e-11fd0f254021";"58163.33"
"24ba9c26-501e-4d3b-b907-774175029ecd";"cdc25830-2d86-4b0f-9032-9d14b12eb13f";"Rhodie";"Brazil";"rbrazil5u@icq.com";"09d8bb95-97a2-4d69-be58-a5dccbac7dcf";"2024-11-14 21:21:30";"HR";"77f46bd1-d063-40fc-978b-fc09b10655bc";"52360.77"
"25a2c7c9-b987-4625-bb5f-7e78dc98edb4";"cdc25830-2d86-4b0f-9032-9d14b12eb13f";"Addy";"Ashworth";"aashworth8@berkeley.edu";"09d8bb95-97a2-4d69-be58-a5dccbac7dcf";"2024-01-07 11:29:20";"HR";"5425f024-7de5-4ebd-a1cd-f7f95206f004";"62488.93"
"25a5b584-4911-49df-b547-3c8c14d55923";"cdc25830-2d86-4b0f-9032-9d14b12eb13f";"Adelaide";"Southey";"asouthey2x@ftc.gov";"09d8bb95-97a2-4d69-be58-a5dccbac7dcf";"2024-03-04 23:10:09";"HR";"62f3198b-fd2e-474b-842a-b50271d1b3bf";"79142.8"
"26fef65e-e575-47c1-b80c-893c301fb2cd";"cdc25830-2d86-4b0f-9032-9d14b12eb13f";"Paloma";"Coger";"pcoger3l@oracle.com";"21b3daa8-899c-4120-adb5-a9da59e27225";"2024-03-10 22:13:48";"Marketing";"4b0ab05c-8bc9-4593-9c3d-a552e2c32d60";"100143.15"
"271bcb5a-16a0-4be3-aa05-bdc5deaa532b";"cdc25830-2d86-4b0f-9032-9d14b12eb13f";"Madeline";"Kilkenny";"mkilkenny2p@slashdot.org";"21b3daa8-899c-4120-adb5-a9da59e27226";"2024-07-20 23:29:02";"Marketing";"2c5be731-77f0-470c-b5c1-4c39cbab4f30";"68042.14"
"27cfd17f-7f4a-4640-9127-5706eee3e5b7";"cdc25830-2d86-4b0f-9032-9d14b12eb13f";"Clive";"Betke";"cbetke56@bing.com";"21b3daa8-899c-4120-adb5-a9da59e27227";"2024-04-07 11:31:56";"Marketing";"b3248d54-6f13-4eac-982c-4a468bb44d7d";"117590.72"
"27ebc02b-ba46-49ec-bc5e-5a429e7f2961";"cdc25830-2d86-4b0f-9032-9d14b12eb13f";"Morganica";"Dunstone";"mdunstone3i@dyndns.org";"21b3daa8-899c-4120-adb5-a9da59e27228";"2024-03-15 01:34:24";"Marketing";"2383267c-aea9-4dc0-92a1-c4ffbd889898";"41559.57"
"2831a2aa-5450-434e-9c26-3d4f51194edd";"cdc25830-2d86-4b0f-9032-9d14b12eb13f";"Coralie";"Robertis";"crobertisn@clickbank.net";"09d8bb95-97a2-4d69-be58-a5dccbac7dcf";"2024-05-24 17:30:28";"HR";"792376b8-e80a-4879-a5fc-011529668a28";"104531.33"
"2966edc8-9147-43cf-b79d-d87d55b3fe3f";"cdc25830-2d86-4b0f-9032-9d14b12eb13f";"Andi";"Goodsal";"agoodsal7w@google.com.hk";"21b3daa8-899c-4120-adb5-a9da59e27229";"2024-02-25 13:47:44";"Marketing";"92e7cae2-6d22-441d-bdff-f498f1753523";"80508.14"
"298791c1-9dd5-48ff-924e-b8ba45686c78";"cdc25830-2d86-4b0f-9032-9d14b12eb13f";"Grier";"Mendes";"gmendes7b@scribd.com";"005a3810-f371-42af-8d24-4275d928cbfd";"2024-08-15 05:11:06";"Finance";"6c1872c1-eeb0-4248-b1c2-c74a060a2713";"67918.79"
"2a77ed3d-4184-4a36-a8d0-886cca85edee";"cdc25830-2d86-4b0f-9032-9d14b12eb13f";"Will";"Greenwood";"wgreenwood1u@buzzfeed.com";"21b3daa8-899c-4120-adb5-a9da59e27230";"2024-05-19 05:17:08";"Marketing";"5960e8fa-7012-41a8-8a50-2cb3f95ea6d2";"100909.63"
"2b8af5af-2ca9-428c-b1c1-88a4e0a251fb";"cdc25830-2d86-4b0f-9032-9d14b12eb13f";"Alfonso";"Gavrieli";"agavrielio@blogtalkradio.com";"005a3810-f371-42af-8d24-4275d928cbfd";"2024-12-21 06:02:51";"Finance";"5358949e-97af-432c-87bb-870cf174dcbe";"140051.74"
"2d669b4e-aab1-483d-9a11-67398bd5d88b";"cdc25830-2d86-4b0f-9032-9d14b12eb13f";"Tania";"Kolyagin";"tkolyagin67@sina.com.cn";"30629676-56c4-4acc-aae0-962b49fbbd48";"2024-05-24 10:59:08";"IT";"2cc2e8e8-f051-4646-8eb3-683b80415f5b";"122204.61"
"2ef28c9c-980d-4960-86d5-071376303d84";"cdc25830-2d86-4b0f-9032-9d14b12eb13f";"Fergus";"Drissell";"fdrissell20@biglobe.ne.jp";"09d8bb95-97a2-4d69-be58-a5dccbac7dcf";"2024-01-24 22:47:20";"HR";"6b09c6d4-69ac-4338-a27b-c3a4ff2e2188";"145277.43"
"2fb89df3-023f-44d2-9e76-efa45758bac4";"cdc25830-2d86-4b0f-9032-9d14b12eb13f";"Ashley";"Elvey";"aelvey41@bloglovin.com";"09d8bb95-97a2-4d69-be58-a5dccbac7dcf";"2024-12-22 23:51:26";"HR";"c1f8e3cb-7aaf-4ce7-99a0-b43fbc109d05";"113294.68"
"30629676-56c4-4acc-aae0-962b49fbbd46";"cdc25830-2d86-4b0f-9032-9d14b12eb13f";"Lonni";"Seyffert";"lseyffert80@uiuc.edu";"30629676-56c4-4acc-aae0-962b49fbbd49";"2024-04-27 08:40:07";"IT";"c1032bee-a194-4dde-a3f4-57b76587c5b5";"46693.29"
"3106beb0-0f08-4d54-8b04-1d49c56abf85";"cdc25830-2d86-4b0f-9032-9d14b12eb13f";"Tanitansy";"Harcus";"tharcus2m@comcast.net";"09d8bb95-97a2-4d69-be58-a5dccbac7dcf";"2024-10-10 14:48:51";"HR";"70681891-25d3-464a-bbe1-87e4682c7f10";"99047.54"
"3111e8c8-ff77-4b40-a762-052eab3da360";"cdc25830-2d86-4b0f-9032-9d14b12eb13f";"Biddy";"Lowther";"blowther6@rediff.com";"005a3810-f371-42af-8d24-4275d928cbfd";"2024-11-21 05:31:36";"Finance";"461ca831-f4bb-4a5b-b70e-4abe5c3f31fb";"142490.93"
"32e6938d-7fc9-4c65-85a5-9c54fede008c";"cdc25830-2d86-4b0f-9032-9d14b12eb13f";"Tabby";"Galbreth";"tgalbreth1b@github.com";"30629676-56c4-4acc-aae0-962b49fbbd50";"2024-04-22 10:09:19";"IT";"276ca696-7178-4a6b-bd49-0a47c3901c88";"100144.26"
"343599d2-6502-4466-b632-ea1327d71153";"cdc25830-2d86-4b0f-9032-9d14b12eb13f";"Deonne";"Medd";"dmedd43@g.co";"30629676-56c4-4acc-aae0-962b49fbbd51";"2024-08-17 15:39:01";"IT";"c75c3774-fcd9-48b2-ad15-099b8e9cd7dc";"55963.38"
"34f520c2-3f94-4dbd-94a6-878773efdb6f";"cdc25830-2d86-4b0f-9032-9d14b12eb13f";"Pietra";"Wardhaw";"pwardhaw6y@biblegateway.com";"30629676-56c4-4acc-aae0-962b49fbbd52";"2024-05-05 00:28:01";"IT";"e18de374-5437-4c39-a43e-e7d31b4e7a5b";"83019.04"
"355c43ba-bca9-4607-b638-e17a78bf2b0f";"cdc25830-2d86-4b0f-9032-9d14b12eb13f";"Meris";"Goatman";"mgoatman4c@nature.com";"005a3810-f371-42af-8d24-4275d928cbfd";"2024-02-02 10:25:16";"Finance";"f2bfa2a3-9b1d-4a5f-93d6-17f0c32e4a78";"99405.94"
"364734d2-ad69-44ed-841d-879eb8553d05";"cdc25830-2d86-4b0f-9032-9d14b12eb13f";"Saundra";"de Werk";"sdewerk26@zdnet.com";"09d8bb95-97a2-4d69-be58-a5dccbac7dcf";"2024-12-04 04:51:15";"HR";"cd10090d-d605-4a4f-b3df-7dda13d1f2be";"130917.29"
"3720a737-7ab6-42ce-b887-339eddd6b07f";"cdc25830-2d86-4b0f-9032-9d14b12eb13f";"Vaughan";"Dovinson";"vdovinson16@wired.com";"21b3daa8-899c-4120-adb5-a9da59e27231";"2024-04-18 04:57:58";"Marketing";"e63c45b0-f09b-4719-aac1-827e4fe2a05c";"148872.72"
"37e93152-8002-48c5-b0fa-cda8010c3ca1";"cdc25830-2d86-4b0f-9032-9d14b12eb13f";"Clementius";"Tukely";"ctukely36@tiny.cc";"09d8bb95-97a2-4d69-be58-a5dccbac7dcf";"2024-11-11 13:39:19";"HR";"5eda5a72-df87-40be-9f11-a96784e4cf8e";"38211.06"
"3802136c-a07c-4d05-9c7e-16316d32a8f6";"cdc25830-2d86-4b0f-9032-9d14b12eb13f";"Alden";"Gley";"agley1c@squidoo.com";"005a3810-f371-42af-8d24-4275d928cbfd";"2024-05-29 12:23:56";"Finance";"894148a9-4741-44ac-b232-0c0ee1e181b2";"111296.17"
"38f5a368-37d6-4ca7-b5aa-e7751843f316";"cdc25830-2d86-4b0f-9032-9d14b12eb13f";"Noam";"Frisch";"nfrisch76@gizmodo.com";"09d8bb95-97a2-4d69-be58-a5dccbac7dcf";"2024-07-19 21:33:16";"HR";"2da38a0a-067d-4a21-afd5-a8d2958863ce";"145029.88"
"3a8f6839-f6e6-4049-915c-94df013e5e8a";"cdc25830-2d86-4b0f-9032-9d14b12eb13f";"Emmi";"Bolver";"ebolver6d@list-manage.com";"005a3810-f371-42af-8d24-4275d928cbfd";"2024-02-06 06:02:01";"Finance";"124b37ce-a3ab-46fb-86c8-e3d016e0251d";"142719.94"
"3cbe7a4b-5633-48fc-bcf5-d166d5566cca";"cdc25830-2d86-4b0f-9032-9d14b12eb13f";"Uriel";"Esler";"uesler85@va.gov";"21b3daa8-899c-4120-adb5-a9da59e27232";"2024-09-30 23:47:54";"Marketing";"7edad6f7-4cf6-404e-822f-1d59dd1f2074";"144508.24"
"3e1da848-33d8-48f6-ae85-35b24b4daa19";"cdc25830-2d86-4b0f-9032-9d14b12eb13f";"Luke";"Milmore";"lmilmore6q@smh.com.au";"30629676-56c4-4acc-aae0-962b49fbbd53";"2024-09-08 23:59:56";"IT";"802a25eb-b793-4ca6-9486-3f4b064ec901";"146371.24"
"3f116f36-a8ef-4d9a-8962-51753fdf8819";"cdc25830-2d86-4b0f-9032-9d14b12eb13f";"Rockwell";"Olczak";"rolczak7e@yahoo.com";"005a3810-f371-42af-8d24-4275d928cbfd";"2024-09-07 14:29:55";"Finance";"a16c343f-1073-4957-97cb-b4784ad4d8b7";"134745.79"
"3fe6138d-533f-4afb-9a4f-4a7bf2a0f21a";"cdc25830-2d86-4b0f-9032-9d14b12eb13f";"Derrick";"Sclanders";"dsclanders47@spiegel.de";"30629676-56c4-4acc-aae0-962b49fbbd54";"2024-05-24 05:16:10";"IT";"5e5ec6fd-4367-4923-81cb-80151dfc5ab3";"51916.88"
"40e5ea74-100a-46e7-b5eb-1010012ddc76";"cdc25830-2d86-4b0f-9032-9d14b12eb13f";"Burty";"Symson";"bsymson4g@furl.net";"21b3daa8-899c-4120-adb5-a9da59e27233";"2024-08-30 14:28:33";"Marketing";"ee5ff802-ced2-4aa3-9874-57465477d6ca";"80929.5"
"41aeec9b-ef1d-4177-aa76-449a165233d9";"cdc25830-2d86-4b0f-9032-9d14b12eb13f";"Towney";"Rivel";"trivel1y@angelfire.com";"005a3810-f371-42af-8d24-4275d928cbfd";"2024-06-19 10:39:08";"Finance";"681297a9-1d1a-4210-aaa6-c935e1089264";"88050.74"
"423578b3-b8ce-412c-88e9-8b3fd1186394";"cdc25830-2d86-4b0f-9032-9d14b12eb13f";"Salim";"Pughe";"spughe82@a8.net";"30629676-56c4-4acc-aae0-962b49fbbd55";"2024-12-29 02:54:24";"IT";"bae3e149-3b1f-4ec1-bb68-bcb2fc88f03c";"87295.05"
"436d1965-bfb1-4a7d-9336-3cbdbdb7d244";"cdc25830-2d86-4b0f-9032-9d14b12eb13f";"Cass";"Bruton";"cbrunton3g@wufoo.com";"c8be0545-f49f-4d13-8167-c313bb0a9bd6";"2024-02-09 22:27:11";"Sales";"2621752d-12c7-4b97-9d90-ccc2380b1d18";"35365.28"
"45035528-6d0b-4ea7-a73a-f129db891a99";"cdc25830-2d86-4b0f-9032-9d14b12eb13f";"Katya";"Thompson";"kthompson3f@unicef.org";"30629676-56c4-4acc-aae0-962b49fbbd56";"2024-06-05 07:24:23";"IT";"f4c3e780-6270-47c4-935e-44b327c45caa";"86084.62"
"45f24bdd-cf31-4729-a63d-2f519700fbe4";"cdc25830-2d86-4b0f-9032-9d14b12eb13f";"Janean";"Joselevitch";"jjoselevitch65@posterous.com";"09d8bb95-97a2-4d69-be58-a5dccbac7dcf";"2024-03-18 06:20:59";"HR";"3f129c11-1789-4b8a-a8c9-d1b55f836d3e";"148559.16"
"4ac3dd59-57b0-465d-8bb0-70a9e65912ed";"cdc25830-2d86-4b0f-9032-9d14b12eb13f";"Leroi";"Toop";"ltoop2@fema.gov";"005a3810-f371-42af-8d24-4275d928cbfd";"2024-06-15 13:52:28";"Finance";"2940012c-6015-4688-905e-17366c36777c";"56804.11"
"4bb59b9a-5529-4d9d-b5dc-986c0a6e997c";"cdc25830-2d86-4b0f-9032-9d14b12eb13f";"Iggy";"Hillett";"ihillett3v@cpanel.net";"09d8bb95-97a2-4d69-be58-a5dccbac7dcf";"2024-12-14 09:59:08";"HR";"fac8f098-d90b-4dbd-8c93-8313386d7eb8";"133826.36"
"4c90a5bf-4212-4b83-b564-c7e949ea8559";"cdc25830-2d86-4b0f-9032-9d14b12eb13f";"Demetre";"Izhakov";"dizhakovl@google.pl";"30629676-56c4-4acc-aae0-962b49fbbd57";"2024-05-31 23:59:33";"IT";"1d213777-12aa-4437-a360-5da37688364c";"35172.41"
"4f91a987-1771-4a79-90ef-f28c15990bbb";"cdc25830-2d86-4b0f-9032-9d14b12eb13f";"Didi";"Kupker";"dkupker71@mapquest.com";"09d8bb95-97a2-4d69-be58-a5dccbac7dcf";"2024-02-25 12:31:54";"HR";"175aaead-bc85-4355-bb5d-fb597e6fda57";"50507.27"
"4f9f8b35-cdfa-457b-9383-981166c1d71f";"cdc25830-2d86-4b0f-9032-9d14b12eb13f";"Gaston";"Blaby";"gblaby3d@apache.org";"09d8bb95-97a2-4d69-be58-a5dccbac7dcf";"2024-04-08 09:29:14";"HR";"3b421565-4077-4842-9e54-f038c0cb863a";"138413.15"
"50b16f77-c6fe-4e5d-b2d4-b5c1a177e9b2";"cdc25830-2d86-4b0f-9032-9d14b12eb13f";"Ilysa";"De la Barre";"idelabarre84@usatoday.com";"30629676-56c4-4acc-aae0-962b49fbbd58";"2024-05-04 01:01:22";"IT";"9ab50414-c0ed-46c6-a920-a26b2a7ae006";"37874.68"
"53602b3b-e660-4807-8824-2a6613da9cae";"cdc25830-2d86-4b0f-9032-9d14b12eb13f";"Winni";"Springett";"wspringett1t@usda.gov";"09d8bb95-97a2-4d69-be58-a5dccbac7dcf";"2024-10-18 16:26:12";"HR";"ef8c070a-6a94-438d-a151-147de679a778";"99589.53"
"588103bf-8b2f-41a5-8ec2-9ed38a34dc39";"cdc25830-2d86-4b0f-9032-9d14b12eb13f";"Prince";"Marsh";"pmarsh88@flickr.com";"005a3810-f371-42af-8d24-4275d928cbfd";"2024-02-20 00:31:16";"Finance";"1abd17e0-cced-4987-a6b8-6759e4d95bd8";"109077.35"
"58f030f3-f120-4e1c-bbb9-a93a66beaf0e";"cdc25830-2d86-4b0f-9032-9d14b12eb13f";"Austin";"Micah";"amicah3a@dell.com";"005a3810-f371-42af-8d24-4275d928cbfd";"2024-11-27 11:24:30";"Finance";"4155388e-a807-4056-a0de-0a8e607e1d39";"57513.1"
"597db562-61e0-4784-b8e9-3699ad5ef405";"cdc25830-2d86-4b0f-9032-9d14b12eb13f";"Saul";"MacAlister";"smacalister5h@4shared.com";"005a3810-f371-42af-8d24-4275d928cbfd";"2024-12-04 04:56:03";"Finance";"4a8b2932-e7d7-436a-988e-35f42f186e86";"134600.79"
"5b03299f-27c4-4379-93e7-4be469b28d21";"cdc25830-2d86-4b0f-9032-9d14b12eb13f";"Edgar";"Terren";"eterren7k@nasa.gov";"09d8bb95-97a2-4d69-be58-a5dccbac7dcf";"2024-01-18 14:34:19";"HR";"46389f73-29b2-4b27-b5cb-825f861f18bb";"77763.72"
"5bbae07a-efa5-45ae-9d4e-623c9d4f59d3";"cdc25830-2d86-4b0f-9032-9d14b12eb13f";"Arden";"Aldgate";"aaldgate39@mac.com";"005a3810-f371-42af-8d24-4275d928cbfd";"2024-08-08 16:14:48";"Finance";"750ee9de-9c05-4264-9ab0-ab0a7f585933";"120874.46"
"5e365350-2882-4d19-ac91-be59ecbad924";"cdc25830-2d86-4b0f-9032-9d14b12eb13f";"Reginald";"Tomaskunas";"rtomaskunas4t@wikimedia.org";"21b3daa8-899c-4120-adb5-a9da59e27234";"2024-03-13 01:56:07";"Marketing";"7f1294da-94b2-465a-aa98-5c4eeb7a7b69";"84565.22"
"5eaceec7-2c01-47be-a33b-28ecd6ffb75b";"cdc25830-2d86-4b0f-9032-9d14b12eb13f";"Luis";"Mechic";"lmechic50@google.nl";"005a3810-f371-42af-8d24-4275d928cbfd";"2024-11-14 05:59:00";"Finance";"e8db917d-d4a8-4d45-a6a5-2b4aeb4f9a6f";"105197.8"
"602449e7-8e33-411d-ac08-358d990907ab";"cdc25830-2d86-4b0f-9032-9d14b12eb13f";"Barret";"Boadby";"bboadby37@chronoengine.com";"30629676-56c4-4acc-aae0-962b49fbbd59";"2024-08-11 22:00:56";"IT";"5dd394be-3aff-408c-82a7-b4efd5b39387";"133498.68"
"61aaf13d-3fc1-4cda-b931-3e1e09bed033";"cdc25830-2d86-4b0f-9032-9d14b12eb13f";"Becki";"Robez";"brobez2v@yahoo.com";"005a3810-f371-42af-8d24-4275d928cbfd";"2024-05-31 14:51:55";"Finance";"49135f95-0a71-48dc-baab-9a1f9aba70cb";"91806.55"
"61afd5b4-6498-4ba6-a36c-12b118359b24";"cdc25830-2d86-4b0f-9032-9d14b12eb13f";"Leontyne";"Dranfield";"ldranfield32@businessweek.com";"09d8bb95-97a2-4d69-be58-a5dccbac7dcf";"2024-05-29 21:36:22";"HR";"f0842975-dc39-4e9f-ade7-8c1e06563d2f";"106258.29"
"61c12887-9396-465b-9a33-d471b6cd8e01";"cdc25830-2d86-4b0f-9032-9d14b12eb13f";"Zaria";"Tocque";"ztocque1a@businessinsider.com";"21b3daa8-899c-4120-adb5-a9da59e27235";"2024-02-16 02:00:28";"Marketing";"bd6b4f71-75b0-451b-a1f1-80ac8d2554db";"72535.04"
"62dac6eb-d74f-4f7c-a0e9-8566a2bc4e92";"cdc25830-2d86-4b0f-9032-9d14b12eb13f";"Florri";"Lamborn";"flamborn3@berkeley.edu";"21b3daa8-899c-4120-adb5-a9da59e27236";"2024-11-08 01:11:16";"Marketing";"ebafcf0d-bd4d-4328-9b54-65a856d7395f";"103704.86"
"6437330a-1a06-472e-bf80-22a24f0992a8";"cdc25830-2d86-4b0f-9032-9d14b12eb13f";"Gardy";"Callister";"gcallister69@guardian.co.uk";"21b3daa8-899c-4120-adb5-a9da59e27237";"2024-01-28 21:32:57";"Marketing";"c47b39b4-e949-4360-ac7f-9d96f162f07d";"100257.66"
"6520baee-c6b9-4cc7-80e4-043ea3050931";"cdc25830-2d86-4b0f-9032-9d14b12eb13f";"Danny";"Normanvill";"dnormanvill2b@economist.com";"30629676-56c4-4acc-aae0-962b49fbbd60";"2024-06-15 11:44:03";"IT";"20debb33-986e-414b-a87f-8ed2a287b27d";"46139.81"
"65bb30ac-b858-46b9-9088-02a6f36c855a";"cdc25830-2d86-4b0f-9032-9d14b12eb13f";"Nickolas";"Rickhuss";"nrickhuss4l@domainmarket.com";"21b3daa8-899c-4120-adb5-a9da59e27238";"2024-06-16 19:46:29";"Marketing";"35353ddd-e86f-4655-98d4-25a1527518bb";"140514.72"
"6629a5fb-46a6-4f07-aaeb-4eedd779c51f";"cdc25830-2d86-4b0f-9032-9d14b12eb13f";"Salomo";"Assel";"sassel5c@yale.edu";"09d8bb95-97a2-4d69-be58-a5dccbac7dcf";"2024-05-07 17:31:33";"HR";"24ef7af1-c564-411a-a489-b540c40f721f";"94951.83"
"666c9b49-edc4-404e-9e25-0f4b5f535075";"cdc25830-2d86-4b0f-9032-9d14b12eb13f";"Brandtr";"Maddaford";"bmaddaford2i@mysql.com";"09d8bb95-97a2-4d69-be58-a5dccbac7dcf";"2024-08-23 19:57:37";"HR";"152ecb55-11e8-4841-be56-f34012ec8bbc";"76545.04"
"66c33989-996d-4539-a4cd-daf165c9f9ff";"cdc25830-2d86-4b0f-9032-9d14b12eb13f";"Wally";"Bilbrook";"wbilbrook6h@tumblr.com";"30629676-56c4-4acc-aae0-962b49fbbd61";"2024-05-11 10:03:35";"IT";"42c552d6-bf47-40a6-8f65-b1bf2fc06304";"94481.1"
"6915cb6f-a676-4276-9288-3592953c4ce9";"cdc25830-2d86-4b0f-9032-9d14b12eb13f";"Mirelle";"Verdy";"mverdy18@scribd.com";"21b3daa8-899c-4120-adb5-a9da59e27239";"2024-07-20 18:05:09";"Marketing";"e2700973-8d08-4458-abd5-b10b31594449";"90260.22"
"6adce577-a8b3-48a8-9cc2-569a59ebe1b0";"cdc25830-2d86-4b0f-9032-9d14b12eb13f";"Tybie";"Paylie";"tpaylies@cyberchimps.com";"09d8bb95-97a2-4d69-be58-a5dccbac7dcf";"2024-08-02 01:21:01";"HR";"f56ee94b-fb85-4e73-8535-b72e6365bb1d";"138915.46"
"6c6e5fec-4a62-40f3-9c60-f42eefe212fb";"cdc25830-2d86-4b0f-9032-9d14b12eb13f";"Russ";"Trower";"rtrower3t@storify.com";"005a3810-f371-42af-8d24-4275d928cbfd";"2024-11-29 04:11:59";"Finance";"4e73e279-fdb7-45cc-adfb-d631574b6ddb";"60321.93"
"6fddda77-f761-4d22-b275-edd27a293ea4";"cdc25830-2d86-4b0f-9032-9d14b12eb13f";"Karoly";"Lambert-Ciorwyn";"klambertciorwyn2n@g.co";"09d8bb95-97a2-4d69-be58-a5dccbac7dcf";"2024-11-04 07:03:15";"HR";"dc25ea27-de1c-4ea1-9193-bf40c56d217f";"48305.06"
"70421581-c3c3-4688-b7a3-b80dfc567663";"cdc25830-2d86-4b0f-9032-9d14b12eb13f";"Udell";"Di Bartolomeo";"udibartolomeo3j@bizjournals.com";"21b3daa8-899c-4120-adb5-a9da59e27240";"2024-06-15 15:38:19";"Marketing";"cacff6b9-571c-42fd-ac4d-33798974a566";"85538.28"
"7152b143-032f-4498-8382-5708b809807a";"cdc25830-2d86-4b0f-9032-9d14b12eb13f";"Sheilah";"Orrock";"sorrock3q@noaa.gov";"30629676-56c4-4acc-aae0-962b49fbbd62";"2024-09-04 14:21:34";"IT";"ed631b95-9378-49dc-be48-ed764c1fe510";"53637.9"
"71ac99cb-df29-4184-bc4c-45dfaf375d59";"cdc25830-2d86-4b0f-9032-9d14b12eb13f";"Melessa";"Manifold";"mmanifold33@reuters.com";"30629676-56c4-4acc-aae0-962b49fbbd63";"2024-07-29 01:14:17";"IT";"fda24eb3-878a-414d-8180-4f5f2cf4def8";"93338.14"
"721c036d-b3b2-4ff4-8a71-43657bd2be5f";"cdc25830-2d86-4b0f-9032-9d14b12eb13f";"Cyndia";"Tortoise";"ctortoise7a@shareasale.com";"09d8bb95-97a2-4d69-be58-a5dccbac7dcf";"2024-07-17 22:06:46";"HR";"e754411b-5d43-4447-a5d7-376596d51c57";"41456.9"
"751bb03f-6d68-462e-b767-ba4aa0455069";"cdc25830-2d86-4b0f-9032-9d14b12eb13f";"Adham";"Jozaitis";"ajozaitis5e@apple.com";"005a3810-f371-42af-8d24-4275d928cbfd";"2024-11-07 18:27:02";"Finance";"3e7a5551-00e2-452f-8299-df8f4d0158b1";"115257.52"
"75c1ae9f-8d26-40aa-962b-8876d908c92f";"cdc25830-2d86-4b0f-9032-9d14b12eb13f";"Daloris";"Mockett";"dmockett6g@nytimes.com";"09d8bb95-97a2-4d69-be58-a5dccbac7dcf";"2024-10-04 14:32:53";"HR";"8d2ecf8b-5944-4524-9135-8ff72954c503";"105469.63"
"760d8158-bc3e-463a-9777-c3bfa97761c3";"cdc25830-2d86-4b0f-9032-9d14b12eb13f";"Basile";"Geistman";"bgeistmann27@acquirethisname.com";"09d8bb95-97a2-4d69-be58-a5dccbac7dcf";"2024-01-06 23:39:19";"HR";"ba96ee6a-30c5-485e-8036-fe657c77d1d5";"35365.28"
"77e0c778-ba64-456a-a502-0e7854819df2";"cdc25830-2d86-4b0f-9032-9d14b12eb13f";"Jinny";"Calrow";"jcalrow77@ucoz.ru";"21b3daa8-899c-4120-adb5-a9da59e27241";"2024-07-24 15:19:51";"Marketing";"89c1c91e-271a-4d36-91ba-ec0ac2ba2045";"52299.82"
"78ec2b1f-16ed-4783-9032-8ed847237e19";"cdc25830-2d86-4b0f-9032-9d14b12eb13f";"Vicky";"Antonacci";"vantonacci30@bloglovin.com";"09d8bb95-97a2-4d69-be58-a5dccbac7dcf";"2024-06-08 07:47:22";"HR";"55dabaac-b830-4b6b-b1e5-efc64e1edc42";"53353.49"
"791ee6d4-32d7-41c7-ad2b-5634b3a2afcf";"cdc25830-2d86-4b0f-9032-9d14b12eb13f";"Harley";"Gianasi";"hgianasi4o@independent.co.uk";"005a3810-f371-42af-8d24-4275d928cbfd";"2024-11-01 14:03:22";"Finance";"5c9e7cdd-48a5-4ae1-bbd5-c1deb619099c";"74798.27"
"7b103663-1454-43f4-a358-1883e633f235";"cdc25830-2d86-4b0f-9032-9d14b12eb13f";"Irina";"Durward";"idurward3r@biglobe.ne.jp";"005a3810-f371-42af-8d24-4275d928cbfd";"2024-05-23 02:17:24";"Finance";"69c137ba-7310-49ad-bbf5-8ce77e289f4c";"141284.39"
"7b710867-eef3-4a64-851e-01b8322990e4";"cdc25830-2d86-4b0f-9032-9d14b12eb13f";"Karmen";"Currm";"kcurrm2u@linkedin.com";"005a3810-f371-42af-8d24-4275d928cbfd";"2024-06-22 01:52:56";"Finance";"69b2a829-bbf2-42fd-942c-8dcd7bcf780d";"47209.37"
"7bf65005-4a3d-472f-b60b-c08e7e1304ac";"cdc25830-2d86-4b0f-9032-9d14b12eb13f";"Edsel";"Redholes";"eredholes2j@meetup.com";"21b3daa8-899c-4120-adb5-a9da59e27242";"2024-06-23 17:39:49";"Marketing";"e4b14d12-91a0-4bad-b5f6-d8b08219de1a";"146697.1"
"7cb06a79-4bf8-42ae-813e-d8e5f05c36e3";"cdc25830-2d86-4b0f-9032-9d14b12eb13f";"Gerri";"Aggott";"gaggott1j@dailymail.co.uk";"005a3810-f371-42af-8d24-4275d928cbfd";"2024-07-27 01:20:13";"Finance";"b4171f61-2b7a-4a47-92be-30c8be046fd4";"147125.8"
"7eef5a30-ca6b-40b7-9c76-3a1e5b447c30";"cdc25830-2d86-4b0f-9032-9d14b12eb13f";"Latrina";"Di Biagio";"ldibiagio2o@bloglines.com";"09d8bb95-97a2-4d69-be58-a5dccbac7dcf";"2024-09-02 21:33:10";"HR";"5af3f8d6-1a17-454d-b31a-9f0cf4098fc7";"140322.41"
"8043b755-73ad-431e-abc6-00b2afee3bc1";"cdc25830-2d86-4b0f-9032-9d14b12eb13f";"Jamison";"Pallant";"jpallant7f@yale.edu";"005a3810-f371-42af-8d24-4275d928cbfd";"2024-04-15 03:32:18";"Finance";"6ef52a9a-5a9e-4b2e-83c3-236e43cb06cd";"142092.19"
"81cc1b17-189e-4a29-99f3-804865a081fb";"cdc25830-2d86-4b0f-9032-9d14b12eb13f";"Wesley";"Linne";"wlinne4j@joomla.org";"005a3810-f371-42af-8d24-4275d928cbfd";"2024-11-19 20:14:28";"Finance";"5a57f5c3-24fe-4d01-a15f-747cc2f11fe6";"59972.52"
"827691b3-b588-4ec9-8043-6f7aaf407f50";"cdc25830-2d86-4b0f-9032-9d14b12eb13f";"Roze";"Illem";"rillem46@lycos.com";"21b3daa8-899c-4120-adb5-a9da59e27243";"2024-11-06 14:20:20";"Marketing";"c67dc366-9864-4e6e-a158-01173e4fecf7";"130127.85"
"8279c913-4f17-4db3-a525-a2dae0d65965";"cdc25830-2d86-4b0f-9032-9d14b12eb13f";"Lucian";"Doak";"ldoak14@ezinearticles.com";"21b3daa8-899c-4120-adb5-a9da59e27244";"2024-06-14 22:10:21";"Marketing";"75356727-844c-415f-96a1-27da583a47b1";"85595.94"
"82eb93b6-b717-4a75-aa6a-443b8b16570c";"cdc25830-2d86-4b0f-9032-9d14b12eb13f";"Dorena";"Pattison";"dpattison5g@storify.com";"30629676-56c4-4acc-aae0-962b49fbbd64";"2024-06-26 00:37:10";"IT";"b9cde9e1-829c-4d9b-8c6c-54491ad67923";"140370.95"
"85cd2b99-fc88-4307-8920-a9533a3f14aa";"cdc25830-2d86-4b0f-9032-9d14b12eb13f";"Melissa";"Hoys";"mhoys6e@spotify.com";"21b3daa8-899c-4120-adb5-a9da59e27245";"2024-08-21 14:47:41";"Marketing";"c09fe5d1-a01f-450a-b8a1-aa13e7f0d6fa";"51214.06"
"85e6dea4-1be4-4bcb-9265-c92bfe3fbac3";"cdc25830-2d86-4b0f-9032-9d14b12eb13f";"Mitchael";"Luna";"mluna1o@reverbnation.com";"21b3daa8-899c-4120-adb5-a9da59e27246";"2024-03-07 19:52:54";"Marketing";"680fe6d1-6cbc-4302-9623-1250bb1a1458";"72361.08"
"87e1d37c-c8ac-49f3-97e8-d957dfebd60a";"cdc25830-2d86-4b0f-9032-9d14b12eb13f";"Belva";"Ineson";"bineson5l@theglobeandmail.com";"21b3daa8-899c-4120-adb5-a9da59e27247";"2024-12-26 17:51:31";"Marketing";"966f3334-6ce9-4906-9c3d-4030c0f604fa";"67583.2"
"87f97f6f-6c7d-4eac-adf5-d6784ba9d69d";"cdc25830-2d86-4b0f-9032-9d14b12eb13f";"Valentine";"Thomerson";"vthomerson6s@dell.com";"005a3810-f371-42af-8d24-4275d928cbfd";"2024-05-30 13:28:34";"Finance";"a4d23af8-964c-4546-b2ff-d7c203d860cc";"65890.44"
"88c99cba-c52b-428e-a190-28b42524e9b6";"cdc25830-2d86-4b0f-9032-9d14b12eb13f";"Arabelle";"Carhart";"acarhartd@youtube.com";"30629676-56c4-4acc-aae0-962b49fbbd65";"2024-08-27 06:11:11";"IT";"c303b7c9-edd0-4e28-b836-c4f905786f0c";"122839.08"
"88fe347f-e8c5-4d7c-8e2c-648dd9d10209";"cdc25830-2d86-4b0f-9032-9d14b12eb13f";"Tarrance";"Utley";"tutley6c@yale.edu";"09d8bb95-97a2-4d69-be58-a5dccbac7dcf";"2024-02-16 10:32:05";"HR";"65a9fe26-e9ab-43d7-ac0d-5bc0e7651922";"132350.54"
"89809a94-01dc-4ecb-9e72-390c0ade988a";"cdc25830-2d86-4b0f-9032-9d14b12eb13f";"Merrilee";"Peealess";"mpeealessp@rambler.ru";"21b3daa8-899c-4120-adb5-a9da59e27248";"2024-10-12 00:17:37";"Marketing";"705ac42b-4133-4f46-8719-97da86d2752d";"95764.24"
"8a8c6c70-ecd9-438a-893e-58df3d8a8a59";"cdc25830-2d86-4b0f-9032-9d14b12eb13f";"Eduino";"Rebanks";"erebanks22@free.fr";"09d8bb95-97a2-4d69-be58-a5dccbac7dcf";"2024-07-19 06:12:12";"HR";"cca823a2-3586-4061-a917-98e0d66e2ae0";"38090.04"
"8abd13e6-0c30-4859-b786-db09dd62daa5";"cdc25830-2d86-4b0f-9032-9d14b12eb13f";"Tamara";"Van Daalen";"tvandaalen61@people.com.cn";"30629676-56c4-4acc-aae0-962b49fbbd66";"2024-06-19 18:46:26";"IT";"0abb4b23-a7d8-428f-9de2-79c74d74b230";"37073.45"
"8ac85b4b-5dd3-445e-9840-0ce2f92d8407";"cdc25830-2d86-4b0f-9032-9d14b12eb13f";"Conni";"Shurmore";"cshurmore5o@furl.net";"005a3810-f371-42af-8d24-4275d928cbfd";"2024-09-09 12:25:14";"Finance";"3d3dc5df-c13d-408f-b7ed-d79229303bfb";"103776.51"
"8b8da357-6fc9-47b3-a305-817db7ae835f";"cdc25830-2d86-4b0f-9032-9d14b12eb13f";"Laurie";"Reddan";"lreddan15@nydailynews.com";"005a3810-f371-42af-8d24-4275d928cbfd";"2024-08-20 14:25:56";"Finance";"81e58a0d-775f-4286-871f-b46e861b173e";"96274.36"
"8c5f5468-7107-45af-8a7a-4b661efe312e";"cdc25830-2d86-4b0f-9032-9d14b12eb13f";"Donal";"Malley";"dmalley5d@ycombinator.com";"09d8bb95-97a2-4d69-be58-a5dccbac7dcf";"2024-02-12 22:16:46";"HR";"18bd0c76-1492-43d7-9563-3cb326045923";"55365.28"
"8e1fbd52-caf7-425c-9698-dbfbd68a055f";"cdc25830-2d86-4b0f-9032-9d14b12eb13f";"Gaby";"Norrey";"gnorrey3c@goo.ne.jp";"30629676-56c4-4acc-aae0-962b49fbbd67";"2024-11-13 07:49:09";"IT";"f5d40521-3a85-43dc-bc95-920da6b32e2f";"109867.3"
"91845c33-8cac-4bc5-a7ef-23ae51f72714";"cdc25830-2d86-4b0f-9032-9d14b12eb13f";"Ignacius";"Geggie";"igeggiew@domainmarket.com";"005a3810-f371-42af-8d24-4275d928cbfd";"2024-03-10 08:46:57";"Finance";"f5012209-cbcd-4d67-a7c6-f69f52c62604";"67640.02"
"9193283a-e901-41e0-9568-dd79709f5bf0";"cdc25830-2d86-4b0f-9032-9d14b12eb13f";"Margarette";"Skillen";"mskillen2g@domainmarket.com";"21b3daa8-899c-4120-adb5-a9da59e27249";"2024-03-14 19:03:52";"Marketing";"770d097c-ae2a-4c66-9189-9face9452d2b";"145958.56"
"933c97e5-a937-4cad-b842-f53d453e5cca";"cdc25830-2d86-4b0f-9032-9d14b12eb13f";"Sadie";"Carabet";"scarabet7u@ebay.co.uk";"21b3daa8-899c-4120-adb5-a9da59e27250";"2024-12-10 23:18:16";"Marketing";"a4ddaeb0-fc52-4061-b89b-188c8e1f1db1";"37054.46"
"933ef0f7-748c-49f3-b74e-44666791b015";"cdc25830-2d86-4b0f-9032-9d14b12eb13f";"Astrix";"Glasner";"aglasner1f@meetup.com";"21b3daa8-899c-4120-adb5-a9da59e27251";"2024-12-25 23:13:53";"Marketing";"1ea2ecd0-4674-4095-aaab-3d32eee22820";"83871.76"
"93f1a04c-d67f-405d-98fe-b4e54f8cf9fc";"cdc25830-2d86-4b0f-9032-9d14b12eb13f";"Kent";"Fonteyne";"kfonteyne3b@seesaa.net";"21b3daa8-899c-4120-adb5-a9da59e27252";"2024-07-30 15:53:56";"Marketing";"b2ceffa3-e5f4-4811-ab26-22c6678bdb89";"132767.44"
"95521d84-8b61-436a-a68c-79b3c8541561";"cdc25830-2d86-4b0f-9032-9d14b12eb13f";"Avictor";"Matt";"amattg@themeforest.net";"09d8bb95-97a2-4d69-be58-a5dccbac7dcf";"2024-06-28 13:57:21";"HR";"7cd5a548-7f0e-4bfe-aba0-48d9d53bcdba";"118858.47"
"96526317-0394-4927-aae7-8cd721ec9ecb";"cdc25830-2d86-4b0f-9032-9d14b12eb13f";"Ardene";"Giuron";"agiuron7o@cafepress.com";"21b3daa8-899c-4120-adb5-a9da59e27253";"2024-12-11 14:40:11";"Marketing";"a9b9d722-62c8-498b-a3d6-27247980be44";"62883.8"
"977840ef-7a61-4fed-ae84-71d3e8cfd58c";"cdc25830-2d86-4b0f-9032-9d14b12eb13f";"Patrice";"Raveau";"praveau1n@t-online.de";"09d8bb95-97a2-4d69-be58-a5dccbac7dcf";"2024-04-04 12:05:55";"HR";"f330ff7f-5be3-437d-838c-75aa08f0f866";"55773.03"
"97d11c23-6bd2-4dc5-9a86-db1d629cbfdd";"cdc25830-2d86-4b0f-9032-9d14b12eb13f";"Waly";"Kestell";"wkestell7t@spotify.com";"09d8bb95-97a2-4d69-be58-a5dccbac7dcf";"2024-02-24 12:37:22";"HR";"b9868fd8-7870-437b-8ac3-c43c81ef098b";"121036.4"
"99644662-f8d7-4bad-b0a6-16b4ef37cce7";"cdc25830-2d86-4b0f-9032-9d14b12eb13f";"Olwen";"Jobbins";"ojobbins6v@ed.gov";"09d8bb95-97a2-4d69-be58-a5dccbac7dcf";"2024-10-27 08:50:06";"HR";"192a1d38-9f03-43f7-8018-a96b40bd92ae";"44370.33"
"9a8883f1-6b23-433e-bff7-d226836d5dda";"cdc25830-2d86-4b0f-9032-9d14b12eb13f";"Tomlin";"Haresnaip";"tharesnaip66@arizona.edu";"30629676-56c4-4acc-aae0-962b49fbbd68";"2024-07-11 17:32:50";"IT";"7ee965f2-5484-421f-ad88-aa5e97f448bb";"146337.99"
"9c11f4f3-4c74-4bf6-a9cd-3eff61d1565a";"cdc25830-2d86-4b0f-9032-9d14b12eb13f";"Mela";"Richardet";"mrichardet38@census.gov";"30629676-56c4-4acc-aae0-962b49fbbd69";"2024-07-07 04:32:09";"IT";"84d92479-c5ef-46e5-9340-f7269030b61a";"58909.89"
"9c47fae0-b291-4e71-8e87-4cad4eb74b0c";"cdc25830-2d86-4b0f-9032-9d14b12eb13f";"Pepito";"Eckert";"peckert4z@google.co.jp";"09d8bb95-97a2-4d69-be58-a5dccbac7dcf";"2024-03-29 12:31:16";"HR";"483fcd81-70c3-4f9c-a66d-e5038dd20cba";"140150.05"
"9e28bb8a-9913-48e5-a5c5-b723913a3c73";"cdc25830-2d86-4b0f-9032-9d14b12eb13f";"Cammy";"Grigolon";"cgrigolon1h@hatena.ne.jp";"005a3810-f371-42af-8d24-4275d928cbfd";"2024-12-03 07:02:12";"Finance";"52ca477d-8be1-46a9-8162-5be5d4325b5b";"67998.25"
"a12f9842-940d-4509-be03-aea11d0d29c2";"cdc25830-2d86-4b0f-9032-9d14b12eb13f";"Marilee";"Killiam";"mkilliam4b@wired.com";"005a3810-f371-42af-8d24-4275d928cbfd";"2024-09-08 12:51:44";"Finance";"7a64c30d-ed13-49fe-a882-6fde11c25e9e";"45132.8"
"a17316a1-6518-4c9e-b765-12dcaca5f9e0";"cdc25830-2d86-4b0f-9032-9d14b12eb13f";"Stillman";"Harmour";"sharmour89@comsenz.com";"30629676-56c4-4acc-aae0-962b49fbbd70";"2024-02-25 04:59:36";"IT";"753ad3d9-f1b9-40ca-a1c9-8b622b32ad99";"50567.99"
"a313d23c-2d0e-4e48-bbe5-5450684031e1";"cdc25830-2d86-4b0f-9032-9d14b12eb13f";"Randall";"Crosston";"rcrosston29@thetimes.co.uk";"30629676-56c4-4acc-aae0-962b49fbbd71";"2024-06-22 23:41:17";"IT";"50e529c1-a4fc-48bd-a5b7-e944ea42f53b";"51038.98"
"a51b4aa9-a47c-4899-bd6f-fba2575781a9";"cdc25830-2d86-4b0f-9032-9d14b12eb13f";"Steve";"Cockman";"scockman5f@over-blog.com";"005a3810-f371-42af-8d24-4275d928cbfd";"2024-05-27 03:11:41";"Finance";"f0fef711-0afc-4539-b4a1-8d374b75f52b";"43816.14"
"a5f208b9-91da-4b35-b1b5-05cb1fef1aba";"cdc25830-2d86-4b0f-9032-9d14b12eb13f";"Devora";"Pelz";"dpelz6w@scientificamerican.com";"30629676-56c4-4acc-aae0-962b49fbbd72";"2024-10-14 12:59:53";"IT";"d9f54278-ab84-4a10-8677-296cf72bc42f";"55184.96"
"a72f08b1-04ce-4608-9090-8aa4729620c5";"cdc25830-2d86-4b0f-9032-9d14b12eb13f";"Lauralee";"McVee";"lmcvee1v@altervista.org";"30629676-56c4-4acc-aae0-962b49fbbd73";"2024-03-04 18:03:20";"IT";"cd669ee8-9a4c-4c51-a8b4-98662cfbc713";"56995.07"
"a7bc3ac5-16e9-473a-becf-8c03de32fba1";"cdc25830-2d86-4b0f-9032-9d14b12eb13f";"Galen";"Heigold";"gheigold1d@unesco.org";"30629676-56c4-4acc-aae0-962b49fbbd74";"2024-07-18 23:57:21";"IT";"222cb481-ee47-4376-9a8f-fd8abc5a14c4";"114810.86"
"a978addf-02e5-4bc7-ab0c-6beca02a2446";"cdc25830-2d86-4b0f-9032-9d14b12eb13f";"Johnath";"Nottram";"jnottram5q@google.ca";"09d8bb95-97a2-4d69-be58-a5dccbac7dcf";"2024-12-10 09:30:57";"HR";"819d600d-2a01-42fb-97db-c5a30ad3074d";"127981.79"
"a9d85650-4f7c-4d41-a1fe-642368865e57";"cdc25830-2d86-4b0f-9032-9d14b12eb13f";"Fiann";"Emsley";"femsley4a@washington.edu";"005a3810-f371-42af-8d24-4275d928cbfd";"2024-03-21 13:07:12";"Finance";"278dcbb4-b3af-427c-874e-4437502ebd05";"75823.41"
"ac61770f-cd5e-4ec6-81ee-1243ecc53395";"cdc25830-2d86-4b0f-9032-9d14b12eb13f";"Aeriela";"Heggie";"aheggie7j@google.com";"21b3daa8-899c-4120-adb5-a9da59e27254";"2024-07-01 02:57:07";"Marketing";"8b55dd0c-8160-49be-8131-6d51828174c4";"83556.85"
"ade14c4b-54f3-4226-92b4-f4962b3daf40";"cdc25830-2d86-4b0f-9032-9d14b12eb13f";"Clayson";"Matiashvili";"cmatiashvili4d@github.com";"09d8bb95-97a2-4d69-be58-a5dccbac7dcf";"2024-09-23 10:46:41";"HR";"d7622b1a-f2a0-41dc-8d42-62d5939728b2";"123286.78"
"ae5c708c-cc29-420c-95d6-e3d6a58f519e";"cdc25830-2d86-4b0f-9032-9d14b12eb13f";"Inger";"Brilleman";"ibrilleman2w@arizona.edu";"09d8bb95-97a2-4d69-be58-a5dccbac7dcf";"2024-09-08 08:01:28";"HR";"a97c58fb-60da-4336-bb3e-1a45d4273b6b";"42249.57"
"aea81962-e7e5-475b-bbf7-34876bbc7b72";"cdc25830-2d86-4b0f-9032-9d14b12eb13f";"Holly";"Benedetti";"hbenedetti31@51.la";"21b3daa8-899c-4120-adb5-a9da59e27255";"2024-06-26 13:48:14";"Marketing";"124e1d03-5bd7-45a0-ad9c-23fd3096cecf";"66269.37"
"af8ddc7f-a674-4919-a7cf-6f42f4847117";"cdc25830-2d86-4b0f-9032-9d14b12eb13f";"Menard";"McCaghan";"mmccaghan5j@walmart.com";"005a3810-f371-42af-8d24-4275d928cbfd";"2024-03-24 14:11:34";"Finance";"87c1f021-d8a4-4675-b060-56b82fa75e69";"74595.6"
"b16d6fa2-11d3-40c3-be92-fc0c498f4874";"cdc25830-2d86-4b0f-9032-9d14b12eb13f";"Ignaz";"Summons";"isummons1q@usgs.gov";"09d8bb95-97a2-4d69-be58-a5dccbac7dcf";"2024-12-11 21:51:50";"HR";"09680288-75f6-4201-84cd-9719dbff2cec";"102382.37"
"b190fa07-a235-4a75-941e-43ae801367cb";"cdc25830-2d86-4b0f-9032-9d14b12eb13f";"Adler";"Mapston";"amapston7h@statcounter.com";"09d8bb95-97a2-4d69-be58-a5dccbac7dcf";"2024-12-09 07:34:29";"HR";"a3955a8b-075c-43a7-a8c7-496f9d40d4ca";"112187.57"
"b1ff5277-5bce-49d8-b173-211d357b3fdb";"cdc25830-2d86-4b0f-9032-9d14b12eb13f";"Odille";"Terrans";"oterrans7z@icq.com";"30629676-56c4-4acc-aae0-962b49fbbd75";"2024-04-02 04:32:12";"IT";"75067d73-54dd-4d02-8be7-110cbb0210a5";"82735.39"
"b499c95f-2cfc-48c6-93f2-4116a6aa2aff";"cdc25830-2d86-4b0f-9032-9d14b12eb13f";"Dylan";"Blanko";"dblanko4w@1688.com";"30629676-56c4-4acc-aae0-962b49fbbd76";"2024-08-11 11:40:08";"IT";"27c4ba10-0e09-41c7-bef5-55539273a01d";"60866.13"
"b5ac9d30-a08a-4278-b6db-d48f49c2429d";"cdc25830-2d86-4b0f-9032-9d14b12eb13f";"Quill";"Sword";"qsword78@cdc.gov";"dd12cc5b-6278-4aed-b534-cd3321111ee7";"2024-07-31 09:22:20";"Marketing";"68005f7a-33a0-4c2c-b110-8abdec20eaf3";"35365.28"
"b808233e-5a0d-4de8-9f46-2b395aa8f6a6";"cdc25830-2d86-4b0f-9032-9d14b12eb13f";"Sophronia";"Hardwicke";"shardwicke48@gnu.org";"005a3810-f371-42af-8d24-4275d928cbfd";"2024-07-07 16:41:37";"Finance";"ca11e648-1a36-4a4f-bc53-01b9528cb680";"71538.63"
"b8c03eae-5cdc-4fd9-a303-e8375987c0b7";"cdc25830-2d86-4b0f-9032-9d14b12eb13f";"Lina";"Smedley";"lsmedley54@linkedin.com";"30629676-56c4-4acc-aae0-962b49fbbd77";"2024-12-30 05:42:53";"IT";"b3594fe5-a579-4899-ac4e-c0e069c3289b";"139071.22"
"b92d9119-a1e2-47b1-a3f9-f88ff53c9d57";"cdc25830-2d86-4b0f-9032-9d14b12eb13f";"Niccolo";"Bowcock";"nbowcock7v@webs.com";"21b3daa8-899c-4120-adb5-a9da59e27257";"2024-10-03 11:38:43";"Marketing";"44d407ef-590e-4eb3-ae5a-d5029f4c5623";"38494.3"
"ba0789c4-308a-41b9-b5b1-116d37cc962d";"cdc25830-2d86-4b0f-9032-9d14b12eb13f";"Ellary";"Yeomans";"eyeomans2a@t-online.de";"005a3810-f371-42af-8d24-4275d928cbfd";"2024-04-16 11:09:14";"Finance";"28c0fc80-8abb-48a2-a120-0acdb4f39563";"45271.02"
"bb6e14f6-928e-42e5-a3fc-bc359ba8f9c3";"cdc25830-2d86-4b0f-9032-9d14b12eb13f";"Jud";"Marcu";"jmarcuq@godaddy.com";"30629676-56c4-4acc-aae0-962b49fbbd78";"2024-01-19 12:47:28";"IT";"151d305a-43d3-4843-937d-3f31e27c9cc6";"53125.06"
"bb8840d3-3cfd-49e0-9685-6c623296dc1a";"cdc25830-2d86-4b0f-9032-9d14b12eb13f";"Scottie";"Forrest";"sforrest5b@usgs.gov";"005a3810-f371-42af-8d24-4275d928cbfd";"2024-04-08 04:31:43";"Finance";"f6a5faf1-9c3c-4b96-afb1-bf04fe08264f";"75356.59"
"bf4c7428-7c84-4ecf-aa46-a72ea3c64a94";"cdc25830-2d86-4b0f-9032-9d14b12eb13f";"Bernelle";"Closs";"bcloss4i@sitemeter.com";"005a3810-f371-42af-8d24-4275d928cbfd";"2024-07-03 14:06:44";"Finance";"e956334b-f2b5-40a6-9941-66e077202758";"107449.39"
"bfa0ef96-d92d-4c80-830b-5dabe651d5d8";"cdc25830-2d86-4b0f-9032-9d14b12eb13f";"Bobby";"Thonason";"bthonason4x@ft.com";"21b3daa8-899c-4120-adb5-a9da59e27258";"2024-09-06 13:24:13";"Marketing";"82de457e-97a1-46a4-b13b-cb43944dcd76";"131748.47"
"bff80820-1bf4-4c34-84ef-b709de9fd8a7";"cdc25830-2d86-4b0f-9032-9d14b12eb13f";"Thain";"Hovard";"thovard4h@theglobeandmail.com";"09d8bb95-97a2-4d69-be58-a5dccbac7dcf";"2024-12-14 16:06:48";"HR";"82bb269b-20b5-4ba5-9a90-6157c5a776c4";"50060.2"
"c05c689f-628e-4c6c-aa57-7ecd60007805";"cdc25830-2d86-4b0f-9032-9d14b12eb13f";"Zena";"Bolsover";"zbolsover1p@wikispaces.com";"09d8bb95-97a2-4d69-be58-a5dccbac7dcf";"2024-08-14 18:18:57";"HR";"ad016756-1275-4ca7-94be-a3e512a529fe";"39147.09"
"c4897d23-9071-461d-8a14-9c94be392b13";"cdc25830-2d86-4b0f-9032-9d14b12eb13f";"Kaitlyn";"Lente";"klente2y@4shared.com";"005a3810-f371-42af-8d24-4275d928cbfd";"2024-09-02 13:03:10";"Finance";"cf720a18-c2fd-4f24-8109-5afd783050b5";"129317.11"
"c48f354e-2819-408e-91e4-2290bcfa5851";"cdc25830-2d86-4b0f-9032-9d14b12eb13f";"Issie";"Pace";"ipace53@woothemes.com";"30629676-56c4-4acc-aae0-962b49fbbd79";"2024-02-29 08:11:32";"IT";"5a857f00-6be3-4396-8667-a2fcafb2dbd6";"92229.52"
"c630c3c3-ce96-41c2-931a-dd3708953c11";"cdc25830-2d86-4b0f-9032-9d14b12eb13f";"Bryon";"Poleye";"bpoleye2e@nasa.gov";"30629676-56c4-4acc-aae0-962b49fbbd80";"2024-03-01 17:07:29";"IT";"02d277c6-8cda-4238-b7ea-1f2bc64168e2";"52880.88"
"c7678dfb-1b63-4a2e-aa02-4861fc619533";"cdc25830-2d86-4b0f-9032-9d14b12eb13f";"Phyllida";"Sambidge";"psambidge7n@usa.gov";"005a3810-f371-42af-8d24-4275d928cbfd";"2024-09-08 10:31:42";"Finance";"41451e13-2baa-40ea-b083-94dd3a21bbf9";"133546.99"
"c8be0545-f49f-4d13-8167-c313bb0a9bd6";"cdc25830-2d86-4b0f-9032-9d14b12eb13f";"Cherilynn";"Podbury";"cpodbury5r@live.com";"30629676-56c4-4acc-aae0-962b49fbbd81";"2024-02-29 22:14:23";"IT";"0b31ee2c-b9fa-4cf2-94a4-db8f704dc487";"38325.29"
"c9c81b25-60dc-484d-af10-2e75bc1a8f1c";"cdc25830-2d86-4b0f-9032-9d14b12eb13f";"Lira";"Malafe";"lmalafe79@etsy.com";"30629676-56c4-4acc-aae0-962b49fbbd82";"2024-12-02 09:02:30";"IT";"53eb8f69-9635-45ba-a05e-d1a6e18bfa40";"59348.1"
"ca925ff3-988d-4d41-a33d-9e4fdb0cadb8";"cdc25830-2d86-4b0f-9032-9d14b12eb13f";"Leigh";"Bonellie";"lbonellie4u@uiuc.edu";"005a3810-f371-42af-8d24-4275d928cbfd";"2024-10-09 02:34:57";"Finance";"24d054fd-7097-472b-9530-7e03770ccc6a";"147809.78"
"cac3fd41-441e-4bf9-8d3c-373e197204e7";"cdc25830-2d86-4b0f-9032-9d14b12eb13f";"Adelaida";"Jurkowski";"ajurkowski7p@howstuffworks.com";"30629676-56c4-4acc-aae0-962b49fbbd83";"2024-04-27 00:45:08";"IT";"d7190a4e-6d1d-4243-b1a4-4a38d6c67d4a";"94866.76"
"cb5addf2-96bd-4a77-b048-8be60cdb16e5";"cdc25830-2d86-4b0f-9032-9d14b12eb13f";"Gun";"O'Shevlan";"goshevlanv@epa.gov";"09d8bb95-97a2-4d69-be58-a5dccbac7dcf";"2024-12-01 16:42:18";"HR";"26a12538-8be6-4d2d-931a-2e6c3b509270";"82516.49"
"cb83680f-4893-462c-b1f8-74588c547e6f";"cdc25830-2d86-4b0f-9032-9d14b12eb13f";"Seward";"Giamo";"sgiamo2d@census.gov";"005a3810-f371-42af-8d24-4275d928cbfd";"2024-02-19 14:58:29";"Finance";"3834208b-918f-4361-8dd8-4b96386320f0";"38360.85"
"ccfc57b4-f2ab-4956-af0b-5e0e0f3f47bb";"cdc25830-2d86-4b0f-9032-9d14b12eb13f";"Odille";"Paling";"opaling6f@google.es";"005a3810-f371-42af-8d24-4275d928cbfd";"2024-02-19 03:14:25";"Finance";"5efe40c3-853f-40f8-b7fd-ca5a13d87944";"68039.11"
"cde6becd-70ac-48ce-abaf-a20e4e26552c";"cdc25830-2d86-4b0f-9032-9d14b12eb13f";"Roch";"Harty";"rharty2h@blogger.com";"21b3daa8-899c-4120-adb5-a9da59e27259";"2024-01-13 00:28:27";"Marketing";"66571909-4f45-4881-b5e4-39636d68a725";"102360.52"
"cfeae25c-ce23-4c6d-a7a4-bc7f6839e63b";"cdc25830-2d86-4b0f-9032-9d14b12eb13f";"Starlene";"Belsey";"sbelsey3e@hatena.ne.jp";"30629676-56c4-4acc-aae0-962b49fbbd84";"2024-06-11 23:26:32";"IT";"1580d048-22d8-4542-b437-6284b5ae4249";"116721.29"
"d06ab2dd-6244-4f42-883d-b999f9384116";"cdc25830-2d86-4b0f-9032-9d14b12eb13f";"Rodrique";"Ropert";"rropert0@columbia.edu";"21b3daa8-899c-4120-adb5-a9da59e27260";"2024-08-15 10:49:32";"Marketing";"1d33b122-c86a-46c0-a1cf-d9afb0cb307d";"80523.73"
"d07e817e-c997-4a9a-9a5e-bb237d363d85";"cdc25830-2d86-4b0f-9032-9d14b12eb13f";"Ida";"Witherington";"iwitherington62@sciencedaily.com";"005a3810-f371-42af-8d24-4275d928cbfd";"2024-04-06 21:09:10";"Finance";"2597a58d-27b6-4a7e-82aa-a2bb6b2d393c";"129942.96"
"d0d88b9c-f9fa-42b5-a458-b0b422d71e74";"cdc25830-2d86-4b0f-9032-9d14b12eb13f";"Marillin";"Deadman";"mdeadman3w@newyorker.com";"21b3daa8-899c-4120-adb5-a9da59e27261";"2024-02-27 12:08:21";"Marketing";"f1ced21e-6f3d-4140-96ab-719d16928855";"123714.52"
"d0e5b1e8-cd27-4ff4-b0ed-87aba2ca661d";"cdc25830-2d86-4b0f-9032-9d14b12eb13f";"Currey";"Kennefick";"ckennefick21@addtoany.com";"09d8bb95-97a2-4d69-be58-a5dccbac7dcf";"2024-04-26 16:00:36";"HR";"c0deff16-1dda-4f06-bb42-83ae3d730a13";"100209.43"
"d125f7b2-b12e-40c9-93cb-78387ae53b91";"cdc25830-2d86-4b0f-9032-9d14b12eb13f";"Honoria";"Leidecker";"hleidecker42@accuweather.com";"21b3daa8-899c-4120-adb5-a9da59e27262";"2024-04-12 03:31:30";"Marketing";"e9aba5f8-1805-4a14-b200-92020502c7c1";"149463.06"
"d19036c9-9840-496f-a4cb-49c25696faeb";"cdc25830-2d86-4b0f-9032-9d14b12eb13f";"Zena";"Milliken";"zmilliken1w@globo.com";"30629676-56c4-4acc-aae0-962b49fbbd85";"2024-01-20 02:11:02";"IT";"57659b23-b1a2-4142-8e97-1b0961c0af8b";"67681.09"
"d41ddc23-3c11-4049-b098-bb67b0c037b7";"cdc25830-2d86-4b0f-9032-9d14b12eb13f";"Riki";"Eronie";"reronie1e@histats.com";"005a3810-f371-42af-8d24-4275d928cbfd";"2024-09-30 04:21:50";"Finance";"5bd46d62-0aea-45c9-a639-18f8bbaeece0";"67697.71"
"d48aa094-19b5-470a-bece-41ce07e6ab12";"cdc25830-2d86-4b0f-9032-9d14b12eb13f";"Oona";"Fri";"ofri3k@bloomberg.com";"09d8bb95-97a2-4d69-be58-a5dccbac7dcf";"2024-05-03 17:31:17";"HR";"97dfda3c-ce35-457a-95ee-24b6815e7128";"111903.85"
"d49e74cc-65a2-4488-879f-0063c039a004";"cdc25830-2d86-4b0f-9032-9d14b12eb13f";"Hernando";"Draisey";"hdraisey5t@ed.gov";"30629676-56c4-4acc-aae0-962b49fbbd86";"2024-12-06 04:53:50";"IT";"7ae36d69-60e3-460b-a15a-ee2281cf4a4e";"53053.91"
"d4df763d-ac59-4824-9372-9971f3c44778";"cdc25830-2d86-4b0f-9032-9d14b12eb13f";"Freedman";"Brunstan";"fbrunstan4y@trellian.com";"21b3daa8-899c-4120-adb5-a9da59e27263";"2024-01-08 19:48:26";"Marketing";"acbcc154-7b8d-4d14-bb8d-954938fd2427";"104605.63"
"d5f3c235-327d-4a6e-ba27-7cda68645d6d";"cdc25830-2d86-4b0f-9032-9d14b12eb13f";"Constantino";"Risso";"crisso6t@de.vu";"09d8bb95-97a2-4d69-be58-a5dccbac7dcf";"2024-09-15 11:22:49";"HR";"4d493cd4-52f1-4b0d-ba44-bd75f9bd4955";"102428.03"
"d65ffef8-0369-4bdf-bdf6-793da5fa656b";"cdc25830-2d86-4b0f-9032-9d14b12eb13f";"Marjie";"Garroway";"mgarroway7y@mashable.com";"005a3810-f371-42af-8d24-4275d928cbfd";"2024-06-02 21:48:00";"Finance";"f49ea2c1-75c8-493f-a099-2b437d4141aa";"54570.99"
"d6dd5f88-4a18-40e1-9df3-24743dc4c944";"cdc25830-2d86-4b0f-9032-9d14b12eb13f";"Mauricio";"Abden";"mabden3u@dedecms.com";"005a3810-f371-42af-8d24-4275d928cbfd";"2024-11-09 13:00:57";"Finance";"83b8df9d-4dd5-4b58-b9b8-5f678dc80ef3";"95304.29"
"d96aed0c-aa4f-4230-9bf2-3ef8ba26cd47";"cdc25830-2d86-4b0f-9032-9d14b12eb13f";"Kendall";"Heppenspall";"kheppenspall57@kickstarter.com";"c8be0545-f49f-4d13-8167-c313bb0a9bd6";"2024-11-06 11:55:39";"IT";"18bd0c76-1492-43d7-9563-3cb326045923";"85365.28"
"d975700c-240f-400a-9e26-4cd4af20ed65";"cdc25830-2d86-4b0f-9032-9d14b12eb13f";"Olive";"Wehner";"owehner4e@t.co";"30629676-56c4-4acc-aae0-962b49fbbd88";"2024-01-29 03:23:26";"IT";"51564d7c-0cc2-4a4c-9677-f8822459d249";"99659.79"
"dcccbe14-3fe2-4006-b3a7-4bf876347230";"cdc25830-2d86-4b0f-9032-9d14b12eb13f";"Ad";"Decaze";"adecaze70@techcrunch.com";"005a3810-f371-42af-8d24-4275d928cbfd";"2024-01-03 20:40:37";"Finance";"35f66041-4d89-4220-ae63-66b990bd5972";"125168.53"
"dd12cc5b-6278-4aed-b534-cd3321111ee7";"cdc25830-2d86-4b0f-9032-9d14b12eb13f";"Tina";"Jeannequin";"tjeannequin17@slate.com";"c8be0545-f49f-4d13-8167-c313bb0a9bd6";"2024-02-27 09:56:47";"Marketing";"5715d2fd-6095-4870-8790-5b25eb3c3d3f";"85365.28"
"dd5be540-20c2-4732-8fae-2ebeff12bb76";"cdc25830-2d86-4b0f-9032-9d14b12eb13f";"Jamesy";"Lehr";"jlehr6a@walmart.com";"005a3810-f371-42af-8d24-4275d928cbfd";"2024-09-17 18:40:32";"Finance";"5d31ab84-ad9b-4e65-9689-9d023d461faf";"146912.1"
"dd77e983-8fab-409a-bffc-701de35722f7";"cdc25830-2d86-4b0f-9032-9d14b12eb13f";"Gwenette";"Crose";"gcrose3n@soup.io";"09d8bb95-97a2-4d69-be58-a5dccbac7dcf";"2024-04-03 13:49:28";"HR";"83cf24d2-f173-4d39-9e20-1959697e311b";"85214.87"
"dde61614-2ded-4632-9c78-8a26ae65dcd4";"cdc25830-2d86-4b0f-9032-9d14b12eb13f";"Melodee";"Dainter";"mdainter7d@webnode.com";"005a3810-f371-42af-8d24-4275d928cbfd";"2024-01-19 19:16:11";"Finance";"de211776-4ccd-4458-a5ce-ee2e311a9c96";"117358.57"
"dfda81e1-3a79-4020-b75c-bddb12f7f334";"cdc25830-2d86-4b0f-9032-9d14b12eb13f";"Agace";"Fleeman";"afleeman4q@homestead.com";"09d8bb95-97a2-4d69-be58-a5dccbac7dcf";"2024-11-21 18:39:07";"HR";"eb5ea25c-5da9-492f-988c-b4186080ebbe";"101313.41"
"e1c5bee9-2277-440f-b7c5-67840a1d1f04";"cdc25830-2d86-4b0f-9032-9d14b12eb13f";"Carolin";"Blesli";"cbleslir@rediff.com";"21b3daa8-899c-4120-adb5-a9da59e27265";"2024-09-06 06:04:51";"Marketing";"6c9b1eb2-75db-41aa-97b1-69e9dfeb92cd";"72094.99"
"e296d4cb-963e-4d36-964a-aee9de88c60d";"cdc25830-2d86-4b0f-9032-9d14b12eb13f";"Elsy";"Woollacott";"ewoollacott5p@netscape.com";"09d8bb95-97a2-4d69-be58-a5dccbac7dcf";"2024-06-29 04:48:40";"HR";"1d24ae0c-9a45-4485-b6ab-ae786b08e696";"56677.31"
"e5fe2b13-c3e1-4dac-98b9-3fa469c027f7";"cdc25830-2d86-4b0f-9032-9d14b12eb13f";"Bathsheba";"Dunbabin";"bdunbabin7x@nydailynews.com";"30629676-56c4-4acc-aae0-962b49fbbd89";"2024-07-31 14:12:23";"IT";"b5dae8d1-e6bb-4279-9ab6-658dbf671df5";"118387.44"
"e7d95973-39c3-452f-af6c-05d298a89bc8";"cdc25830-2d86-4b0f-9032-9d14b12eb13f";"Reyna";"Forte";"rforte5z@bloomberg.com";"30629676-56c4-4acc-aae0-962b49fbbd90";"2024-08-01 09:03:17";"IT";"cde7e4af-c081-459a-a6a8-f07e97fb6cac";"145641.92"
"e7dfe4a7-38a9-4591-9cea-fe3386f03ce2";"cdc25830-2d86-4b0f-9032-9d14b12eb13f";"Odele";"Ainslie";"oainslie7l@tripadvisor.com";"21b3daa8-899c-4120-adb5-a9da59e27266";"2024-07-02 04:37:15";"Marketing";"70a79327-12fb-440b-a882-0deb8b63bbca";"100708.13"
"e8867e4a-a1e3-4ada-8b29-3979f16c72b5";"cdc25830-2d86-4b0f-9032-9d14b12eb13f";"Andrey";"MacKey";"amackey3s@eventbrite.com";"21b3daa8-899c-4120-adb5-a9da59e27267";"2024-04-22 01:54:26";"Marketing";"2923870d-7c77-4dbb-8c89-9a59cd8e2f8c";"134172.21"
"eb44fd36-42be-4455-b97e-9367b1da444e";"cdc25830-2d86-4b0f-9032-9d14b12eb13f";"Franklin";"Szanto";"fszanto5a@g.co";"30629676-56c4-4acc-aae0-962b49fbbd91";"2024-01-17 04:09:05";"IT";"606bb043-2585-44b8-965f-af65bafc41ee";"133867.94"
"ed2fc43d-7d9d-40e5-9972-078a74dbbad7";"cdc25830-2d86-4b0f-9032-9d14b12eb13f";"Helena";"Basson";"hbasson73@nymag.com";"21b3daa8-899c-4120-adb5-a9da59e27268";"2024-04-17 23:50:08";"Marketing";"255d96a0-d5cd-4a6d-b4d0-7a8ebcdda1d1";"45126.6"
"efd6dfb8-ef11-4c84-91d6-d246a22712a2";"cdc25830-2d86-4b0f-9032-9d14b12eb13f";"Karlen";"Fawthrop";"kfawthrop7g@psu.edu";"21b3daa8-899c-4120-adb5-a9da59e27269";"2024-04-22 22:57:09";"Marketing";"b2defd56-81d7-4982-bef0-1b691f52222d";"93730.78"
"f0e4978b-1967-4887-83e5-e8a829450a7a";"cdc25830-2d86-4b0f-9032-9d14b12eb13f";"Claudio";"Vasiliev";"cvasiliev6u@domainmarket.com";"005a3810-f371-42af-8d24-4275d928cbfd";"2024-07-03 10:27:32";"Finance";"156800f2-3699-4a68-8253-402465120ec9";"51553.35"
"f136cbaf-581f-43a7-ac2e-c70018e399a7";"cdc25830-2d86-4b0f-9032-9d14b12eb13f";"Daisey";"O'Hickey";"dohickeyc@wordpress.com";"30629676-56c4-4acc-aae0-962b49fbbd92";"2024-08-26 11:41:04";"IT";"524c2dc7-a4c8-4018-8343-507e08e59567";"127625.93"
"f262a016-6754-4918-8165-09ff776b98fa";"cdc25830-2d86-4b0f-9032-9d14b12eb13f";"Rosanna";"Siemens";"rsiemensu@t-online.de";"21b3daa8-899c-4120-adb5-a9da59e27270";"2024-07-19 19:00:45";"Marketing";"bb3b67a8-3065-4fef-99d5-a4d94e82ead9";"93789.62"
"f2c103d9-5d89-46e9-b5dd-2701bcf399fc";"cdc25830-2d86-4b0f-9032-9d14b12eb13f";"Drona";"Mangeot";"dmangeot8b@paginegialle.it";"005a3810-f371-42af-8d24-4275d928cbfd";"2024-12-28 18:30:23";"Finance";"e3c97091-b56e-4c96-bacd-0be4c0ee6e74";"72189.32"
"f33d2903-fde2-4612-91a0-3a8eb3052f01";"cdc25830-2d86-4b0f-9032-9d14b12eb13f";"Garrott";"Whitten";"gwhitten58@arizona.edu";"09d8bb95-97a2-4d69-be58-a5dccbac7dcf";"2024-02-14 21:23:42";"HR";"917ff735-c067-41b4-a487-bceb05e08dc6";"112464.87"
"f56ef723-2199-4090-a664-5d70e0476ef3";"cdc25830-2d86-4b0f-9032-9d14b12eb13f";"Merralee";"Kitchingman";"mkitchingman45@pagesperso-orange.fr";"005a3810-f371-42af-8d24-4275d928cbfd";"2024-11-05 23:15:15";"Finance";"582edbe6-4915-4356-9fd3-e808abbbc124";"62833.67"
"f5b8cb41-ce8f-461e-a09e-0b2919bf1ff3";"cdc25830-2d86-4b0f-9032-9d14b12eb13f";"Holly";"Guiel";"hguiel8a@lycos.com";"30629676-56c4-4acc-aae0-962b49fbbd93";"2024-03-04 10:50:49";"IT";"1164d288-e845-4604-8201-39f50d4d1d64";"44537.23"
"f5df69e4-38bf-40a6-b951-5b9cd5543c2b";"cdc25830-2d86-4b0f-9032-9d14b12eb13f";"Gustaf";"Noke";"gnokej@unblog.fr";"21b3daa8-899c-4120-adb5-a9da59e27271";"2024-04-16 00:06:19";"Marketing";"f7396965-93a8-4ed3-b0b4-fbd8c49e5ef1";"48250.51"
"f64fd81c-cde5-4871-a60c-5f16c97fc998";"cdc25830-2d86-4b0f-9032-9d14b12eb13f";"Aland";"Bernlin";"abernlin7s@i2i.jp";"21b3daa8-899c-4120-adb5-a9da59e27272";"2024-02-20 04:53:32";"Marketing";"91551057-c157-47c5-b017-212efc9ecd29";"88067.84"
"f7eada9e-af4f-4ed0-9653-c2aef25eb862";"cdc25830-2d86-4b0f-9032-9d14b12eb13f";"Aubry";"Dovermann";"adovermann25@1688.com";"005a3810-f371-42af-8d24-4275d928cbfd";"2024-06-12 06:19:00";"Finance";"c59fa684-a794-434c-b8a7-828ffa6a4d4c";"137015.79"
"f8153238-b1fa-441b-a2c6-e2629f5c39ef";"cdc25830-2d86-4b0f-9032-9d14b12eb13f";"Kevin";"Chabau";"dmalley345d@ycombinator.com";"09d8bb95-97a2-4d69-be58-a5dccbac7dcf";"2024-02-12 22:16:46";"HR";"18bd0c76-1492-43d7-9563-3cb326045923";"55365.28"
"f93a7287-7fbf-4c78-9f97-126024fb58f0";"cdc25830-2d86-4b0f-9032-9d14b12eb13f";"Rafael";"Friar";"rfriar4r@squarespace.com";"09d8bb95-97a2-4d69-be58-a5dccbac7dcf";"2024-12-11 13:12:30";"HR";"ebd9f80b-620a-40be-b888-3eb1ed6fee9b";"140251.99"
"faf08774-2551-43de-a7c2-cbf5719a224f";"cdc25830-2d86-4b0f-9032-9d14b12eb13f";"Selma";"Pyer";"spyery@1688.com";"21b3daa8-899c-4120-adb5-a9da59e27273";"2024-05-09 22:46:20";"Marketing";"cf2b72ed-1ecd-4e62-ae95-5209bca17d5b";"53691.21"
"fc222cab-e6c0-4c5e-b4da-e5b1046e6792";"cdc25830-2d86-4b0f-9032-9d14b12eb13f";"Caresa";"Hatherley";"chatherley10@dmoz.org";"30629676-56c4-4acc-aae0-962b49fbbd94";"2024-06-05 10:47:49";"IT";"75874562-6f19-4d01-bbce-ae0e1408e286";"72244.81"
"fce384b5-2a0d-47a3-a2f2-76a4d7f5b268";"cdc25830-2d86-4b0f-9032-9d14b12eb13f";"Marne";"Lace";"mlace9@purevolume.com";"21b3daa8-899c-4120-adb5-a9da59e27274";"2024-09-20 11:31:02";"Marketing";"a5043f12-53b7-423a-b9e4-f2d59de19f76";"145966.23"
"fda80c7a-3cc7-45dd-bf54-13abf7a7629c";"cdc25830-2d86-4b0f-9032-9d14b12eb13f";"Rozella";"Earey";"rearey5m@sfgate.com";"21b3daa8-899c-4120-adb5-a9da59e27275";"2024-10-03 13:18:15";"Marketing";"7c792677-7ce6-4cd4-bf9d-077432ef9793";"51272.23"